system,mean_latency_sec,aucpr
Tier 1 alone,0.00018475541508782502,0.7774959176127932
Tier 2 alone,0.00844819501598889,0.8537016407798355
Cascade (0.45-0.55),0.00023520532316595016,0.777707998089794
Cascade (0.35-0.65),0.0003063365977382132,0.7787176431248687
Cascade (0.25-0.75),0.0004043591957113102,0.7779083053945817
Cascade (0.15-0.85),0.0006256995657656237,0.7773814437998314
Cascade (0.05-0.95),0.0014644150105560076,0.7784653334424948
