system,mean_latency_sec,aucpr
Tier 1 alone,0.000196,
Tier 2 alone,0.001278,
Cascade (0.45-0.55),2.8310904786991364e-05,0.7777079980897941
Cascade (0.35-0.65),3.779957324079372e-05,0.7787176431248686
Cascade (0.25-0.75),5.300730446914624e-05,0.7779083053945818
Cascade (0.15-0.85),8.001786868468533e-05,0.7773814437998314
Cascade (0.05-0.95),0.00018513689690248777,0.7784653334424948
