system,mean_latency_sec,aucpr
Tier 1 alone,0.00033959978500206487,0.7774959176127932
Tier 2 alone,0.0012643200150341727,0.8537016407798355
Cascade (0.45-0.55),2.854498974095071e-05,0.7777079980897941
Cascade (0.35-0.65),3.8818026296874854e-05,0.7787176431248686
Cascade (0.25-0.75),5.306769935060107e-05,0.7779083053945818
Cascade (0.15-0.85),7.930328293447329e-05,0.7773814437998314
Cascade (0.05-0.95),0.00018466271525149395,0.7784653334424948
